<PAMDataset>
  <Metadata />
  <Metadata domain="Esri">
    <MDI key="PyramidResamplingType">NEAREST</MDI>
  </Metadata>
  <PAMRasterBand band="1">
    <Histograms>
      <HistItem>
        <HistMin>-0.5</HistMin>
        <HistMax>11.5</HistMax>
        <BucketCount>12</BucketCount>
        <IncludeOutOfRange>1</IncludeOutOfRange>
        <Approximate>0</Approximate>
        <HistCounts>0|333842|483925|698277|280549|9377|134029|29663|14796|217234|271065|85401</HistCounts>
      </HistItem>
    </Histograms>
    <GDALRasterAttributeTable>
      <FieldDefn index="0">
        <Name>OBJECTID</Name>
        <Type>0</Type>
        <Usage>0</Usage>
      </FieldDefn>
      <FieldDefn index="1">
        <Name>Value</Name>
        <Type>0</Type>
        <Usage>0</Usage>
      </FieldDefn>
      <FieldDefn index="2">
        <Name>Count</Name>
        <Type>1</Type>
        <Usage>0</Usage>
      </FieldDefn>
      <FieldDefn index="3">
        <Name>GEO_UNIT</Name>
        <Type>2</Type>
        <Usage>0</Usage>
      </FieldDefn>
      <Row index="0">
        <F>1</F>
        <F>1</F>
        <F>333842</F>
        <F>KEpd-gu</F>
      </Row>
      <Row index="1">
        <F>2</F>
        <F>2</F>
        <F>483925</F>
        <F>Kbgp</F>
      </Row>
      <Row index="2">
        <F>3</F>
        <F>3</F>
        <F>698277</F>
        <F>OMas</F>
      </Row>
      <Row index="3">
        <F>4</F>
        <F>4</F>
        <F>280549</F>
        <F>MuPlaj</F>
      </Row>
      <Row index="4">
        <F>5</F>
        <F>5</F>
        <F>9377</F>
        <F>Qft1</F>
      </Row>
      <Row index="5">
        <F>6</F>
        <F>6</F>
        <F>134029</F>
        <F>Qft2</F>
      </Row>
      <Row index="6">
        <F>7</F>
        <F>7</F>
        <F>29663</F>
        <F>Klsol</F>
      </Row>
      <Row index="7">
        <F>8</F>
        <F>8</F>
        <F>14796</F>
        <F>Ekn</F>
      </Row>
      <Row index="8">
        <F>9</F>
        <F>9</F>
        <F>217234</F>
        <F>Mgs</F>
      </Row>
      <Row index="9">
        <F>10</F>
        <F>10</F>
        <F>271065</F>
        <F>Plbk</F>
      </Row>
      <Row index="10">
        <F>11</F>
        <F>11</F>
        <F>85401</F>
        <F>Mmn</F>
      </Row>
    </GDALRasterAttributeTable>
    <Metadata>
      <MDI key="STATISTICS_COVARIANCES">10.01324157382725</MDI>
      <MDI key="STATISTICS_EXCLUDEDVALUES"></MDI>
      <MDI key="STATISTICS_MAXIMUM">11</MDI>
      <MDI key="STATISTICS_MEAN">4.4176137674061</MDI>
      <MDI key="STATISTICS_MINIMUM">1</MDI>
      <MDI key="STATISTICS_SKIPFACTORX">1</MDI>
      <MDI key="STATISTICS_SKIPFACTORY">1</MDI>
      <MDI key="STATISTICS_STDDEV">3.1643706441925</MDI>
    </Metadata>
  </PAMRasterBand>
</PAMDataset>
