<PAMDataset>
  <Metadata />
  <Metadata domain="Esri">
    <MDI key="PyramidResamplingType">NEAREST</MDI>
  </Metadata>
  <PAMRasterBand band="1">
    <Histograms>
      <HistItem>
        <HistMin>0</HistMin>
        <HistMax>1</HistMax>
        <BucketCount>256</BucketCount>
        <IncludeOutOfRange>1</IncludeOutOfRange>
        <Approximate>0</Approximate>
        <HistCounts>57108|0|0|0|0|0|0|0|0|1204|0|27|0|0|5562|0|0|0|378|0|20|0|0|310|0|1|0|0|14837|0|0|0|0|14|12|0|0|1529|0|443|0|0|2218|0|0|0|0|207|0|1545|0|219|0|78|0|0|5602|0|0|137|0|5|0|359|0|0|3144|0|665|0|1714|0|0|9|0|843|0|1857|0|0|910|0|312|0|0|6106|6|281|0|32|0|127|32|0|3207|0|1081|0|0|4229|0|49|0|1488|0|1323|482|0|904|0|709|0|0|8969|0|437|0|0|296|146|23|0|3841|0|901|177|0|5183|0|257|0|0|805|0|2203|0|1425|0|776|4|0|10917|0|660|151|0|1348|0|560|0|0|4534|0|828|0|5399|0|545|0|0|344|0|510|0|0|768|0|790|0|0|17447|146|19|0|29|0|178|3|0|1722|0|379|0|0|4862|0|26|0|789|0|94|35|0|176|0|45|0|0|10446|0|6|0|0|86|15|0|0|538|0|15|0|0|2949|0|0|0|0|2446|0|16|0|1|0|0|0|0|13153|0|0|0|0|18|0|0|0|0|0|0|0|0|272|0|0|0|0|4|0|0|0|0|0|0|0|0|0|113</HistCounts>
      </HistItem>
    </Histograms>
    <Metadata>
      <MDI key="STATISTICS_COVARIANCES">0.09123978378011878</MDI>
      <MDI key="STATISTICS_EXCLUDEDVALUES"></MDI>
      <MDI key="STATISTICS_MAXIMUM">1</MDI>
      <MDI key="STATISTICS_MEAN">0.37362441161886</MDI>
      <MDI key="STATISTICS_MINIMUM">0</MDI>
      <MDI key="STATISTICS_SKIPFACTORX">1</MDI>
      <MDI key="STATISTICS_SKIPFACTORY">1</MDI>
      <MDI key="STATISTICS_STDDEV">0.30205923885907</MDI>
    </Metadata>
  </PAMRasterBand>
</PAMDataset>
