<?xml version="1.0" encoding="UTF-8"?>
<metadata xml:lang="en"><Esri><CreaDate>20250630</CreaDate><CreaTime>11110700</CreaTime><ArcGISFormat>1.0</ArcGISFormat><SyncOnce>FALSE</SyncOnce><DataProperties><lineage><Process ToolSource="c:\program files (x86)\arcgis\desktop10.3\ArcToolbox\Toolboxes\Data Management Tools.tbx\CalculateField" Date="20190212" Time="201059">CalculateField Villages vcenter_name [Name_1] VB #</Process><Process ToolSource="c:\program files\arcgis\desktop10.2\ArcToolbox\Toolboxes\Data Management Tools.tbx\Merge" Date="20200126" Time="100034">Merge Rtehran;Rwest;Ryazd;Rzanjan;Rlorestan;Rmarkazi;Rmazan;Rqazvin;Rqom;Rhamedan;Rhormozgan;Rrazavi;Rsemnan;Rshomali;Rilam;Rsistan;Rjonoobi;Rkerman;Rkermanshah;Rkhuzestan;Rkohgiloye;Rkordestan;Ralborz;Rardebil;Rbushehr;Rchaharmahal;Reast;Resfahan;Rfars;Rgilan;Rgolestan "D:\تقسیمات 98\تجمیع سطوح تقسیماتی کشوری\Riran.shp" "Name "Name" true true false 70 Text 0 0 ,First,#,Rtehran,Name,-1,-1,Rwest,Name,-1,-1,Ryazd,Name,-1,-1,Rzanjan,Name,-1,-1,Rlorestan,Name,-1,-1,Rmarkazi,Name,-1,-1,Rmazan,Name,-1,-1,Rqazvin,Name,-1,-1,Rqom,Name,-1,-1,Rhamedan,Name,-1,-1,Rhormozgan,Name,-1,-1,Rrazavi,Name,-1,-1,Rsemnan,Name,-1,-1,Rshomali,Name,-1,-1,Rilam,Name,-1,-1,Rsistan,Name,-1,-1,Rjonoobi,Name,-1,-1,Rkerman,Name,-1,-1,Rkermanshah,Name,-1,-1,Rkhuzestan,Name,-1,-1,Rkohgiloye,Name,-1,-1,Rkordestan,Name,-1,-1,Ralborz,Name,-1,-1,Rardebil,Name,-1,-1,Rbushehr,Name,-1,-1,Rchaharmahal,Name,-1,-1,Reast,Name,-1,-1,Resfahan,Name,-1,-1,Rfars,Name,-1,-1,Rgilan,Name,-1,-1,Rgolestan,Name,-1,-1;pname "pname" true true false 50 Text 0 0 ,First,#,Rtehran,pname,-1,-1,Rwest,pname,-1,-1,Ryazd,pname,-1,-1,Rzanjan,pname,-1,-1,Rlorestan,pname,-1,-1,Rmarkazi,pname,-1,-1,Rmazan,pname,-1,-1,Rqazvin,pname,-1,-1,Rqom,pname,-1,-1,Rhamedan,pname,-1,-1,Rhormozgan,pname,-1,-1,Rrazavi,pname,-1,-1,Rsemnan,pname,-1,-1,Rshomali,pname,-1,-1,Rilam,pname,-1,-1,Rsistan,pname,-1,-1,Rjonoobi,pname,-1,-1,Rkerman,pname,-1,-1,Rkermanshah,pname,-1,-1,Rkhuzestan,pname,-1,-1,Rkohgiloye,pname,-1,-1,Rkordestan,pname,-1,-1,Ralborz,pname,-1,-1,Rardebil,pname,-1,-1,Rbushehr,pname,-1,-1,Rchaharmahal,pname,-1,-1,Reast,pname,-1,-1,Resfahan,pname,-1,-1,Rfars,pname,-1,-1,Rgilan,pname,-1,-1,Rgolestan,pname,-1,-1;cname "cname" true true false 50 Text 0 0 ,First,#,Rtehran,cname,-1,-1,Rwest,cname,-1,-1,Ryazd,cname,-1,-1,Rzanjan,cname,-1,-1,Rlorestan,cname,-1,-1,Rmarkazi,cname,-1,-1,Rmazan,cname,-1,-1,Rqazvin,cname,-1,-1,Rqom,cname,-1,-1,Rhamedan,cname,-1,-1,Rhormozgan,cname,-1,-1,Rrazavi,cname,-1,-1,Rsemnan,cname,-1,-1,Rshomali,cname,-1,-1,Rilam,cname,-1,-1,Rsistan,cname,-1,-1,Rjonoobi,cname,-1,-1,Rkerman,cname,-1,-1,Rkermanshah,cname,-1,-1,Rkhuzestan,cname,-1,-1,Rkohgiloye,cname,-1,-1,Rkordestan,cname,-1,-1,Ralborz,cname,-1,-1,Rardebil,cname,-1,-1,Rbushehr,cname,-1,-1,Rchaharmahal,cname,-1,-1,Reast,cname,-1,-1,Resfahan,cname,-1,-1,Rfars,cname,-1,-1,Rgilan,cname,-1,-1,Rgolestan,cname,-1,-1;bname "bname" true true false 50 Text 0 0 ,First,#,Rtehran,bname,-1,-1,Rwest,bname,-1,-1,Ryazd,bname,-1,-1,Rzanjan,bname,-1,-1,Rlorestan,bname,-1,-1,Rmarkazi,bname,-1,-1,Rmazan,bname,-1,-1,Rqazvin,bname,-1,-1,Rqom,bname,-1,-1,Rhamedan,bname,-1,-1,Rhormozgan,bname,-1,-1,Rrazavi,bname,-1,-1,Rsemnan,bname,-1,-1,Rshomali,bname,-1,-1,Rilam,bname,-1,-1,Rsistan,bname,-1,-1,Rjonoobi,bname,-1,-1,Rkerman,bname,-1,-1,Rkermanshah,bname,-1,-1,Rkhuzestan,bname,-1,-1,Rkohgiloye,bname,-1,-1,Rkordestan,bname,-1,-1,Ralborz,bname,-1,-1,Rardebil,bname,-1,-1,Rbushehr,bname,-1,-1,Rchaharmahal,bname,-1,-1,Reast,bname,-1,-1,Resfahan,bname,-1,-1,Rfars,bname,-1,-1,Rgilan,bname,-1,-1,Rgolestan,bname,-1,-1;vcenter_na "vcenter_na" true true false 50 Text 0 0 ,First,#,Rtehran,vcenter_na,-1,-1,Rwest,vcenter_na,-1,-1,Ryazd,vcenter_na,-1,-1,Rzanjan,vcenter_na,-1,-1,Rlorestan,vcenter_na,-1,-1,Rmarkazi,vcenter_na,-1,-1,Rmazan,vcenter_na,-1,-1,Rqazvin,vcenter_na,-1,-1,Rqom,vcenter_na,-1,-1,Rhamedan,vcenter_na,-1,-1,Rhormozgan,vcenter_na,-1,-1,Rrazavi,vcenter_na,-1,-1,Rsemnan,vcenter_na,-1,-1,Rshomali,vcenter_na,-1,-1,Rilam,vcenter_na,-1,-1,Rsistan,vcenter_na,-1,-1,Rjonoobi,vcenter_na,-1,-1,Rkerman,vcenter_na,-1,-1,Rkermanshah,vcenter_na,-1,-1,Rkhuzestan,vcenter_na,-1,-1,Rkohgiloye,vcenter_na,-1,-1,Rkordestan,vcenter_na,-1,-1,Ralborz,vcenter_na,-1,-1,Rardebil,vcenter_na,-1,-1,Rbushehr,vcenter_na,-1,-1,Rchaharmahal,vcenter_na,-1,-1,Reast,vcenter_na,-1,-1,Resfahan,vcenter_na,-1,-1,Rfars,vcenter_na,-1,-1,Rgilan,vcenter_na,-1,-1,Rgolestan,vcenter_na,-1,-1;area "area" true true false 19 Double 0 0 ,First,#,Rtehran,area,-1,-1,Rwest,area,-1,-1,Ryazd,area,-1,-1,Rzanjan,area,-1,-1,Rlorestan,area,-1,-1,Rmarkazi,area,-1,-1,Rmazan,area,-1,-1,Rqazvin,area,-1,-1,Rqom,area,-1,-1,Rhamedan,area,-1,-1,Rhormozgan,area,-1,-1,Rrazavi,area,-1,-1,Rsemnan,area,-1,-1,Rshomali,area,-1,-1,Rilam,area,-1,-1,Rsistan,area,-1,-1,Rjonoobi,area,-1,-1,Rkerman,area,-1,-1,Rkermanshah,area,-1,-1,Rkhuzestan,area,-1,-1,Rkohgiloye,area,-1,-1,Rkordestan,area,-1,-1,Ralborz,area,-1,-1,Rardebil,area,-1,-1,Rbushehr,area,-1,-1,Rchaharmahal,area,-1,-1,Reast,area,-1,-1,Resfahan,area,-1,-1,Rfars,area,-1,-1,Rgilan,area,-1,-1,Rgolestan,area,-1,-1;perimeter "perimeter" true true false 19 Double 0 0 ,First,#,Rtehran,perimeter,-1,-1,Rwest,perimeter,-1,-1,Ryazd,perimeter,-1,-1,Rzanjan,perimeter,-1,-1,Rlorestan,perimeter,-1,-1,Rmarkazi,perimeter,-1,-1,Rmazan,perimeter,-1,-1,Rqazvin,perimeter,-1,-1,Rqom,perimeter,-1,-1,Rhamedan,perimeter,-1,-1,Rhormozgan,perimeter,-1,-1,Rrazavi,perimeter,-1,-1,Rsemnan,perimeter,-1,-1,Rshomali,perimeter,-1,-1,Rilam,perimeter,-1,-1,Rsistan,perimeter,-1,-1,Rjonoobi,perimeter,-1,-1,Rkerman,perimeter,-1,-1,Rkermanshah,perimeter,-1,-1,Rkhuzestan,perimeter,-1,-1,Rkohgiloye,perimeter,-1,-1,Rkordestan,perimeter,-1,-1,Ralborz,perimeter,-1,-1,Rardebil,perimeter,-1,-1,Rbushehr,perimeter,-1,-1,Rchaharmahal,perimeter,-1,-1,Reast,perimeter,-1,-1,Resfahan,perimeter,-1,-1,Rfars,perimeter,-1,-1,Rgilan,perimeter,-1,-1,Rgolestan,perimeter,-1,-1"</Process><Process ToolSource="c:\program files\arcgis\desktop10.2\ArcToolbox\Toolboxes\Conversion Tools.tbx\FeatureClassToFeatureClass" Date="20200212" Time="144010">FeatureClassToFeatureClass "D:\تقسیمات 98\topology\Riran.shp" "D:\تقسیمات 98\topology\ruraltopo.mdb\ruraltopology" rural98 # "Name "Name" true true false 70 Text 0 0 ,First,#,D:\تقسیمات 98\topology\Riran.shp,Name,-1,-1;pname "pname" true true false 50 Text 0 0 ,First,#,D:\تقسیمات 98\topology\Riran.shp,pname,-1,-1;cname "cname" true true false 50 Text 0 0 ,First,#,D:\تقسیمات 98\topology\Riran.shp,cname,-1,-1;bname "bname" true true false 50 Text 0 0 ,First,#,D:\تقسیمات 98\topology\Riran.shp,bname,-1,-1;vcenter_na "vcenter_na" true true false 50 Text 0 0 ,First,#,D:\تقسیمات 98\topology\Riran.shp,vcenter_na,-1,-1;area "area" true true false 19 Double 0 0 ,First,#,D:\تقسیمات 98\topology\Riran.shp,area,-1,-1;perimeter "perimeter" true true false 19 Double 0 0 ,First,#,D:\تقسیمات 98\topology\Riran.shp,perimeter,-1,-1" #</Process><Process ToolSource="c:\program files\arcgis\desktop10.2\ArcToolbox\Toolboxes\Data Management Tools.tbx\Merge" Date="20210908" Time="131436">Merge R_Sistan;R_Tehran;R_Yazd;R_Zanjan;R_Khouzestan;R_Kohkilouye;R_Kordestan;R_Lorestan;R_Markazi;R_Mazandaran;R_Qazvin;R_Qom;R_Semnan;R_Golestan;R_Hamedan;R_Hormozgan;R_Ilam;R_Kerman;R_Kermanshah;R_Khorasan_n;R_Khorasan_r;R_Khorasan_s;R_Alborz;R_Ardebil;R_Azar_east;R_Azar_west;R_Boushehr;R_Charmahal;R_Esfahan;R_Fars;R_Gilan "E:\share\تقسیمات 1400\R_Iran_shahrivar1400.shp" "OBJECTID "OBJECTID" true true false 10 Double 0 10 ,First,#,R_Sistan,OBJECTID,-1,-1,R_Tehran,OBJECTID,-1,-1,R_Yazd,OBJECTID,-1,-1,R_Zanjan,OBJECTID,-1,-1,R_Khouzestan,OBJECTID,-1,-1,R_Kohkilouye,OBJECTID,-1,-1,R_Kordestan,OBJECTID,-1,-1,R_Lorestan,OBJECTID,-1,-1,R_Markazi,OBJECTID,-1,-1,R_Mazandaran,OBJECTID,-1,-1,R_Qazvin,OBJECTID,-1,-1,R_Qom,OBJECTID,-1,-1,R_Semnan,OBJECTID,-1,-1,R_Golestan,OBJECTID,-1,-1,R_Hamedan,OBJECTID,-1,-1,R_Hormozgan,OBJECTID,-1,-1,R_Ilam,OBJECTID,-1,-1,R_Kerman,OBJECTID,-1,-1,R_Kermanshah,OBJECTID,-1,-1,R_Khorasan_n,OBJECTID,-1,-1,R_Khorasan_s,OBJECTID,-1,-1,R_Alborz,OBJECTID,-1,-1,R_Ardebil,OBJECTID,-1,-1,R_Azar_east,OBJECTID,-1,-1,R_Azar_west,OBJECTID,-1,-1,R_Boushehr,OBJECTID,-1,-1,R_Charmahal,OBJECTID,-1,-1,R_Esfahan,OBJECTID,-1,-1,R_Fars,OBJECTID,-1,-1,R_Gilan,OBJECTID,-1,-1;Name "Name" true true false 70 Text 0 0 ,First,#,R_Sistan,Name,-1,-1,R_Tehran,Name,-1,-1,R_Yazd,Name,-1,-1,R_Zanjan,Name,-1,-1,R_Khouzestan,Name,-1,-1,R_Kohkilouye,Name,-1,-1,R_Kordestan,Name,-1,-1,R_Lorestan,Name,-1,-1,R_Markazi,Name,-1,-1,R_Mazandaran,Name,-1,-1,R_Qazvin,Name,-1,-1,R_Qom,Name,-1,-1,R_Semnan,Name,-1,-1,R_Golestan,Name,-1,-1,R_Hamedan,Name,-1,-1,R_Hormozgan,Name,-1,-1,R_Ilam,Name,-1,-1,R_Kerman,Name,-1,-1,R_Kermanshah,Name,-1,-1,R_Khorasan_n,Name,-1,-1,R_Khorasan_r,Name,-1,-1,R_Khorasan_s,Name,-1,-1,R_Alborz,Name,-1,-1,R_Ardebil,Name,-1,-1,R_Azar_east,Name,-1,-1,R_Azar_west,Name,-1,-1,R_Boushehr,Name,-1,-1,R_Charmahal,Name,-1,-1,R_Esfahan,Name,-1,-1,R_Fars,Name,-1,-1,R_Gilan,Name,-1,-1;pname "pname" true true false 50 Text 0 0 ,First,#,R_Sistan,pname,-1,-1,R_Tehran,pname,-1,-1,R_Yazd,pname,-1,-1,R_Zanjan,pname,-1,-1,R_Khouzestan,pname,-1,-1,R_Kohkilouye,pname,-1,-1,R_Kordestan,pname,-1,-1,R_Lorestan,pname,-1,-1,R_Markazi,pname,-1,-1,R_Mazandaran,pname,-1,-1,R_Qazvin,pname,-1,-1,R_Qom,pname,-1,-1,R_Semnan,pname,-1,-1,R_Golestan,pname,-1,-1,R_Hamedan,pname,-1,-1,R_Hormozgan,pname,-1,-1,R_Ilam,pname,-1,-1,R_Kerman,pname,-1,-1,R_Kermanshah,pname,-1,-1,R_Khorasan_n,pname,-1,-1,R_Khorasan_r,pname,-1,-1,R_Khorasan_s,pname,-1,-1,R_Alborz,pname,-1,-1,R_Ardebil,pname,-1,-1,R_Azar_east,pname,-1,-1,R_Azar_west,pname,-1,-1,R_Boushehr,pname,-1,-1,R_Charmahal,pname,-1,-1,R_Esfahan,pname,-1,-1,R_Fars,pname,-1,-1,R_Gilan,pname,-1,-1;cname "cname" true true false 50 Text 0 0 ,First,#,R_Sistan,cname,-1,-1,R_Tehran,cname,-1,-1,R_Yazd,cname,-1,-1,R_Zanjan,cname,-1,-1,R_Khouzestan,cname,-1,-1,R_Kohkilouye,cname,-1,-1,R_Kordestan,cname,-1,-1,R_Lorestan,cname,-1,-1,R_Markazi,cname,-1,-1,R_Mazandaran,cname,-1,-1,R_Qazvin,cname,-1,-1,R_Qom,cname,-1,-1,R_Semnan,cname,-1,-1,R_Golestan,cname,-1,-1,R_Hamedan,cname,-1,-1,R_Hormozgan,cname,-1,-1,R_Ilam,cname,-1,-1,R_Kerman,cname,-1,-1,R_Kermanshah,cname,-1,-1,R_Khorasan_n,cname,-1,-1,R_Khorasan_r,cname,-1,-1,R_Khorasan_s,cname,-1,-1,R_Alborz,cname,-1,-1,R_Ardebil,cname,-1,-1,R_Azar_east,cname,-1,-1,R_Azar_west,cname,-1,-1,R_Boushehr,cname,-1,-1,R_Charmahal,cname,-1,-1,R_Esfahan,cname,-1,-1,R_Fars,cname,-1,-1,R_Gilan,cname,-1,-1;bname "bname" true true false 50 Text 0 0 ,First,#,R_Sistan,bname,-1,-1,R_Tehran,bname,-1,-1,R_Yazd,bname,-1,-1,R_Zanjan,bname,-1,-1,R_Khouzestan,bname,-1,-1,R_Kohkilouye,bname,-1,-1,R_Kordestan,bname,-1,-1,R_Lorestan,bname,-1,-1,R_Markazi,bname,-1,-1,R_Mazandaran,bname,-1,-1,R_Qazvin,bname,-1,-1,R_Qom,bname,-1,-1,R_Semnan,bname,-1,-1,R_Golestan,bname,-1,-1,R_Hamedan,bname,-1,-1,R_Hormozgan,bname,-1,-1,R_Ilam,bname,-1,-1,R_Kerman,bname,-1,-1,R_Kermanshah,bname,-1,-1,R_Khorasan_n,bname,-1,-1,R_Khorasan_r,bname,-1,-1,R_Khorasan_s,bname,-1,-1,R_Alborz,bname,-1,-1,R_Ardebil,bname,-1,-1,R_Azar_east,bname,-1,-1,R_Azar_west,bname,-1,-1,R_Boushehr,bname,-1,-1,R_Charmahal,bname,-1,-1,R_Esfahan,bname,-1,-1,R_Fars,bname,-1,-1,R_Gilan,bname,-1,-1;vcenter_na "vcenter_na" true true false 50 Text 0 0 ,First,#,R_Sistan,vcenter_na,-1,-1,R_Tehran,vcenter_na,-1,-1,R_Yazd,vcenter_na,-1,-1,R_Zanjan,vcenter_na,-1,-1,R_Khouzestan,vcenter_na,-1,-1,R_Kohkilouye,vcenter_na,-1,-1,R_Kordestan,vcenter_na,-1,-1,R_Lorestan,vcenter_na,-1,-1,R_Markazi,vcenter_na,-1,-1,R_Mazandaran,vcenter_na,-1,-1,R_Qazvin,vcenter_na,-1,-1,R_Qom,vcenter_na,-1,-1,R_Semnan,vcenter_na,-1,-1,R_Golestan,vcenter_na,-1,-1,R_Hamedan,vcenter_na,-1,-1,R_Hormozgan,vcenter_na,-1,-1,R_Ilam,vcenter_na,-1,-1,R_Kerman,vcenter_na,-1,-1,R_Kermanshah,vcenter_na,-1,-1,R_Khorasan_n,vcenter_na,-1,-1,R_Khorasan_s,vcenter_na,-1,-1,R_Alborz,vcenter_na,-1,-1,R_Ardebil,vcenter_na,-1,-1,R_Azar_east,vcenter_na,-1,-1,R_Azar_west,vcenter_na,-1,-1,R_Boushehr,vcenter_na,-1,-1,R_Charmahal,vcenter_na,-1,-1,R_Esfahan,vcenter_na,-1,-1,R_Fars,vcenter_na,-1,-1,R_Gilan,vcenter_na,-1,-1;area "area" true true false 19 Double 0 0 ,First,#,R_Sistan,area,-1,-1,R_Tehran,area,-1,-1,R_Yazd,area,-1,-1,R_Zanjan,area,-1,-1,R_Khouzestan,area,-1,-1,R_Kohkilouye,area,-1,-1,R_Kordestan,area,-1,-1,R_Lorestan,area,-1,-1,R_Markazi,area,-1,-1,R_Mazandaran,area,-1,-1,R_Qazvin,area,-1,-1,R_Qom,area,-1,-1,R_Semnan,area,-1,-1,R_Golestan,area,-1,-1,R_Hamedan,area,-1,-1,R_Hormozgan,area,-1,-1,R_Ilam,area,-1,-1,R_Kerman,area,-1,-1,R_Kermanshah,area,-1,-1,R_Khorasan_n,area,-1,-1,R_Khorasan_r,area,-1,-1,R_Khorasan_s,area,-1,-1,R_Alborz,area,-1,-1,R_Ardebil,area,-1,-1,R_Azar_east,area,-1,-1,R_Azar_west,area,-1,-1,R_Boushehr,area,-1,-1,R_Charmahal,area,-1,-1,R_Esfahan,area,-1,-1,R_Fars,area,-1,-1,R_Gilan,area,-1,-1;perimeter "perimeter" true true false 19 Double 0 0 ,First,#,R_Sistan,perimeter,-1,-1,R_Tehran,perimeter,-1,-1,R_Yazd,perimeter,-1,-1,R_Zanjan,perimeter,-1,-1,R_Khouzestan,perimeter,-1,-1,R_Kohkilouye,perimeter,-1,-1,R_Kordestan,perimeter,-1,-1,R_Lorestan,perimeter,-1,-1,R_Markazi,perimeter,-1,-1,R_Mazandaran,perimeter,-1,-1,R_Qazvin,perimeter,-1,-1,R_Qom,perimeter,-1,-1,R_Semnan,perimeter,-1,-1,R_Golestan,perimeter,-1,-1,R_Hamedan,perimeter,-1,-1,R_Hormozgan,perimeter,-1,-1,R_Ilam,perimeter,-1,-1,R_Kerman,perimeter,-1,-1,R_Kermanshah,perimeter,-1,-1,R_Khorasan_n,perimeter,-1,-1,R_Khorasan_r,perimeter,-1,-1,R_Khorasan_s,perimeter,-1,-1,R_Alborz,perimeter,-1,-1,R_Ardebil,perimeter,-1,-1,R_Azar_east,perimeter,-1,-1,R_Azar_west,perimeter,-1,-1,R_Boushehr,perimeter,-1,-1,R_Charmahal,perimeter,-1,-1,R_Esfahan,perimeter,-1,-1,R_Fars,perimeter,-1,-1,R_Gilan,perimeter,-1,-1;vcenter "vcenter" true true false 100 Text 0 0 ,First,#,R_Mazandaran,vcenter,-1,-1,R_Khorasan_r,vcenter,-1,-1"</Process><Process ToolSource="c:\program files\arcgis\desktop10.2\ArcToolbox\Toolboxes\Data Management Tools.tbx\Merge" Date="20210926" Time="100234">Merge R_Iran_shahrivar1400;Ryazd "E:\share\تقسیمات 1400\irandivision_shahrivar1400\R_Iran_shahrivar1400.shp" "OBJECTID "OBJECTID" true true false 10 Double 0 10 ,First,#,R_Iran_shahrivar1400,OBJECTID,-1,-1,Ryazd,OBJECTID,-1,-1;Name "Name" true true false 70 Text 0 0 ,First,#,R_Iran_shahrivar1400,Name,-1,-1,Ryazd,Name,-1,-1;pname "pname" true true false 50 Text 0 0 ,First,#,R_Iran_shahrivar1400,pname,-1,-1,Ryazd,pname,-1,-1;cname "cname" true true false 50 Text 0 0 ,First,#,R_Iran_shahrivar1400,cname,-1,-1,Ryazd,cname,-1,-1;bname "bname" true true false 50 Text 0 0 ,First,#,R_Iran_shahrivar1400,bname,-1,-1,Ryazd,bname,-1,-1;vcenter_na "vcenter_na" true true false 50 Text 0 0 ,First,#,R_Iran_shahrivar1400,vcenter_na,-1,-1,Ryazd,vcenter_na,-1,-1;area "area" true true false 19 Double 0 0 ,First,#,R_Iran_shahrivar1400,area,-1,-1,Ryazd,area,-1,-1;perimeter "perimeter" true true false 19 Double 0 0 ,First,#,R_Iran_shahrivar1400,perimeter,-1,-1,Ryazd,perimeter,-1,-1;vcenter "vcenter" true true false 100 Text 0 0 ,First,#,R_Iran_shahrivar1400,vcenter,-1,-1"</Process><Process ToolSource="c:\program files\arcgis\desktop10.2\ArcToolbox\Toolboxes\Data Management Tools.tbx\CopyFeatures" Date="20210926" Time="105148">CopyFeatures R_Iran_shahrivar1400 "E:\share\تقسیمات 1400\topology1400\topology1400.mdb\topology1400\R_Iran_shahrivar1400" # 0 0 0</Process><Process ToolSource="c:\program files (x86)\arcgis\desktop10.7\ArcToolbox\Toolboxes\Data Management Tools.tbx\CalculateField" Date="20211108" Time="230129">CalculateField City_1400 ProvincName [pname] VB #</Process><Process ToolSource="c:\program files (x86)\arcgis\desktop10.7\ArcToolbox\Toolboxes\Data Management Tools.tbx\CalculateField" Date="20211108" Time="230640">CalculateField City_1400 CityName [Name] VB #</Process><Process ToolSource="c:\program files (x86)\arcgis\desktop10.7\ArcToolbox\Toolboxes\Data Management Tools.tbx\MultipartToSinglepart" Date="20211114" Time="111157">MultipartToSinglepart City_1400 C:\Users\r.abedinz\Documents\ArcGIS\Default.gdb\City_1400_MultipartToSinglep1</Process><Process ToolSource="c:\program files (x86)\arcgis\desktop10.7\ArcToolbox\Toolboxes\Data Management Tools.tbx\MultipartToSinglepart" Date="20211115" Time="104527">MultipartToSinglepart CityMU_1400 C:\Users\r.abedinz\Documents\ArcGIS\Default.gdb\CityMU_1400_MultipartToSingl</Process></lineage><itemProps><itemName Sync="TRUE">CityMU_1400_MultipartToSingl</itemName><imsContentType Sync="TRUE">002</imsContentType><itemSize Sync="TRUE">0.000</itemSize><itemLocation><linkage Sync="TRUE">file://\\ETB-ABEDINZ-R\D$\تقسیمات کشوری 1400\Matz Final 1400.gdb</linkage><protocol Sync="TRUE">Local Area Network</protocol></itemLocation></itemProps><coordRef><type Sync="TRUE">Geographic</type><geogcsn Sync="TRUE">GCS_WGS_1984</geogcsn><csUnits Sync="TRUE">Angular Unit: Degree (0.017453)</csUnits><peXml Sync="TRUE">&lt;GeographicCoordinateSystem xsi:type='typens:GeographicCoordinateSystem' xmlns:xsi='http://www.w3.org/2001/XMLSchema-instance' xmlns:xs='http://www.w3.org/2001/XMLSchema' xmlns:typens='http://www.esri.com/schemas/ArcGIS/10.7'&gt;&lt;WKT&gt;GEOGCS[&amp;quot;GCS_WGS_1984&amp;quot;,DATUM[&amp;quot;D_WGS_1984&amp;quot;,SPHEROID[&amp;quot;WGS_1984&amp;quot;,6378137.0,298.257223563]],PRIMEM[&amp;quot;Greenwich&amp;quot;,0.0],UNIT[&amp;quot;Degree&amp;quot;,0.0174532925199433],AUTHORITY[&amp;quot;EPSG&amp;quot;,4326]]&lt;/WKT&gt;&lt;XOrigin&gt;-400&lt;/XOrigin&gt;&lt;YOrigin&gt;-400&lt;/YOrigin&gt;&lt;XYScale&gt;11258999068426.238&lt;/XYScale&gt;&lt;ZOrigin&gt;-100000&lt;/ZOrigin&gt;&lt;ZScale&gt;10000&lt;/ZScale&gt;&lt;MOrigin&gt;-100000&lt;/MOrigin&gt;&lt;MScale&gt;10000&lt;/MScale&gt;&lt;XYTolerance&gt;8.983152841195215e-09&lt;/XYTolerance&gt;&lt;ZTolerance&gt;0.001&lt;/ZTolerance&gt;&lt;MTolerance&gt;0.001&lt;/MTolerance&gt;&lt;HighPrecision&gt;true&lt;/HighPrecision&gt;&lt;LeftLongitude&gt;-180&lt;/LeftLongitude&gt;&lt;WKID&gt;4326&lt;/WKID&gt;&lt;LatestWKID&gt;4326&lt;/LatestWKID&gt;&lt;/GeographicCoordinateSystem&gt;</peXml></coordRef><copyHistory><copy source="E:\share\تقسیمات 1400\رفع توپولوژِی دهستانی با کمک خانم تفرشی7مهر1400\C_Iran1400mehr" dest="\\L13SHABANI-NEW\share\تقسیمات 1400\C_Iran1400mehr" date="20211025" time="09065800"></copy></copyHistory></DataProperties><SyncDate>20211115</SyncDate><SyncTime>10452700</SyncTime><ModDate>20211115</ModDate><ModTime>10452700</ModTime><ArcGISstyle>XTools Pro Metadata</ArcGISstyle></Esri><dataIdInfo><envirDesc Sync="TRUE"> Version 6.2 (Build 9200) ; Esri ArcGIS 10.7.0.10450</envirDesc><dataLang><languageCode value="eng" Sync="TRUE"></languageCode><countryCode value="USA" Sync="TRUE"></countryCode></dataLang><idCitation><resTitle Sync="TRUE">CityMU_1400_MultipartToSingl</resTitle><presForm><PresFormCd value="005" Sync="TRUE"></PresFormCd></presForm></idCitation><spatRpType><SpatRepTypCd value="001" Sync="TRUE"></SpatRepTypCd></spatRpType></dataIdInfo><mdLang><languageCode value="eng" Sync="TRUE"></languageCode><countryCode value="USA" Sync="TRUE"></countryCode></mdLang><mdChar><CharSetCd value="004" Sync="TRUE"></CharSetCd></mdChar><distInfo><distFormat><formatName Sync="TRUE">File Geodatabase Feature Class</formatName></distFormat><distTranOps><transSize Sync="TRUE">0.000</transSize></distTranOps></distInfo><mdHrLv><ScopeCd value="005" Sync="TRUE"></ScopeCd></mdHrLv><mdHrLvName Sync="TRUE">dataset</mdHrLvName><refSysInfo><RefSystem><refSysID><identCode code="4326" Sync="TRUE"></identCode><idCodeSpace Sync="TRUE">EPSG</idCodeSpace><idVersion Sync="TRUE">6.14(3.0.1)</idVersion></refSysID></RefSystem></refSysInfo><spatRepInfo><VectSpatRep><geometObjs Name="CityMU_1400_MultipartToSingl"><geoObjTyp><GeoObjTypCd value="002" Sync="TRUE"></GeoObjTypCd></geoObjTyp><geoObjCnt Sync="TRUE">0</geoObjCnt></geometObjs><topLvl><TopoLevCd value="001" Sync="TRUE"></TopoLevCd></topLvl></VectSpatRep></spatRepInfo><spdoinfo><ptvctinf><esriterm Name="CityMU_1400_MultipartToSingl"><efeatyp Sync="TRUE">Simple</efeatyp><efeageom code="4" Sync="TRUE"></efeageom><esritopo Sync="TRUE">FALSE</esritopo><efeacnt Sync="TRUE">0</efeacnt><spindex Sync="TRUE">TRUE</spindex><linrefer Sync="TRUE">FALSE</linrefer></esriterm></ptvctinf></spdoinfo><eainfo><detailed Name="CityMU_1400_MultipartToSingl"><enttyp><enttypl Sync="TRUE">CityMU_1400_MultipartToSingl</enttypl><enttypt Sync="TRUE">Feature Class</enttypt><enttypc Sync="TRUE">0</enttypc></enttyp><attr><attrlabl Sync="TRUE">OBJECTID_12</attrlabl><attalias Sync="TRUE">OBJECTID_12</attalias><attrtype Sync="TRUE">OID</attrtype><attwidth Sync="TRUE">4</attwidth><atprecis Sync="TRUE">0</atprecis><attscale Sync="TRUE">0</attscale><attrdef Sync="TRUE">Internal feature number.</attrdef><attrdefs Sync="TRUE">Esri</attrdefs><attrdomv><udom Sync="TRUE">Sequential unique whole numbers that are automatically generated.</udom></attrdomv></attr><attr><attrlabl Sync="TRUE">OBJECTID_1</attrlabl><attalias Sync="TRUE">OBJECTID_1</attalias><attrtype Sync="TRUE">Integer</attrtype><attwidth Sync="TRUE">4</attwidth><atprecis Sync="TRUE">0</atprecis><attscale Sync="TRUE">0</attscale><attrdef Sync="TRUE">Internal feature number.</attrdef><attrdefs Sync="TRUE">Esri</attrdefs><attrdomv><udom Sync="TRUE">Sequential unique whole numbers that are automatically generated.</udom></attrdomv></attr><attr><attrlabl Sync="TRUE">OBJECTID</attrlabl><attalias Sync="TRUE">OBJECTID</attalias><attrtype Sync="TRUE">Double</attrtype><attwidth Sync="TRUE">8</attwidth><atprecis Sync="TRUE">0</atprecis><attscale Sync="TRUE">0</attscale><attrdef Sync="TRUE">Internal feature number.</attrdef><attrdefs Sync="TRUE">Esri</attrdefs><attrdomv><udom Sync="TRUE">Sequential unique whole numbers that are automatically generated.</udom></attrdomv></attr><attr><attrlabl Sync="TRUE">Shape</attrlabl><attalias Sync="TRUE">Shape</attalias><attrtype Sync="TRUE">Geometry</attrtype><attwidth Sync="TRUE">0</attwidth><atprecis Sync="TRUE">0</atprecis><attscale Sync="TRUE">0</attscale><attrdef Sync="TRUE">Feature geometry.</attrdef><attrdefs Sync="TRUE">Esri</attrdefs><attrdomv><udom Sync="TRUE">Coordinates defining the features.</udom></attrdomv></attr><attr><attrlabl Sync="TRUE">Name</attrlabl><attalias Sync="TRUE">Name</attalias><attrtype Sync="TRUE">String</attrtype><attwidth Sync="TRUE">70</attwidth><atprecis Sync="TRUE">0</atprecis><attscale Sync="TRUE">0</attscale></attr><attr><attrlabl Sync="TRUE">pname</attrlabl><attalias Sync="TRUE">pname</attalias><attrtype Sync="TRUE">String</attrtype><attwidth Sync="TRUE">50</attwidth><atprecis Sync="TRUE">0</atprecis><attscale Sync="TRUE">0</attscale></attr><attr><attrlabl Sync="TRUE">cname</attrlabl><attalias Sync="TRUE">cname</attalias><attrtype Sync="TRUE">String</attrtype><attwidth Sync="TRUE">50</attwidth><atprecis Sync="TRUE">0</atprecis><attscale Sync="TRUE">0</attscale></attr><attr><attrlabl Sync="TRUE">bname</attrlabl><attalias Sync="TRUE">bname</attalias><attrtype Sync="TRUE">String</attrtype><attwidth Sync="TRUE">50</attwidth><atprecis Sync="TRUE">0</atprecis><attscale Sync="TRUE">0</attscale></attr><attr><attrlabl Sync="TRUE">area</attrlabl><attalias Sync="TRUE">area</attalias><attrtype Sync="TRUE">Double</attrtype><attwidth Sync="TRUE">8</attwidth><atprecis Sync="TRUE">0</atprecis><attscale Sync="TRUE">0</attscale></attr><attr><attrlabl Sync="TRUE">perimeter</attrlabl><attalias Sync="TRUE">perimeter</attalias><attrtype Sync="TRUE">Double</attrtype><attwidth Sync="TRUE">8</attwidth><atprecis Sync="TRUE">0</atprecis><attscale Sync="TRUE">0</attscale></attr><attr><attrlabl Sync="TRUE">c_center</attrlabl><attalias Sync="TRUE">c_center</attalias><attrtype Sync="TRUE">String</attrtype><attwidth Sync="TRUE">50</attwidth><atprecis Sync="TRUE">0</atprecis><attscale Sync="TRUE">0</attscale></attr><attr><attrlabl Sync="TRUE">ProvincName</attrlabl><attalias Sync="TRUE">ProvincName</attalias><attrtype Sync="TRUE">String</attrtype><attwidth Sync="TRUE">20</attwidth><atprecis Sync="TRUE">0</atprecis><attscale Sync="TRUE">0</attscale></attr><attr><attrlabl Sync="TRUE">CityName</attrlabl><attalias Sync="TRUE">CityName</attalias><attrtype Sync="TRUE">String</attrtype><attwidth Sync="TRUE">25</attwidth><atprecis Sync="TRUE">0</atprecis><attscale Sync="TRUE">0</attscale></attr><attr><attrlabl Sync="TRUE">ORIG_FID</attrlabl><attalias Sync="TRUE">ORIG_FID</attalias><attrtype Sync="TRUE">Integer</attrtype><attwidth Sync="TRUE">4</attwidth><atprecis Sync="TRUE">0</atprecis><attscale Sync="TRUE">0</attscale></attr><attr><attrlabl Sync="TRUE">Shape_Length</attrlabl><attalias Sync="TRUE">Shape_Length</attalias><attrtype Sync="TRUE">Double</attrtype><attwidth Sync="TRUE">8</attwidth><atprecis Sync="TRUE">0</atprecis><attscale Sync="TRUE">0</attscale><attrdef Sync="TRUE">Length of feature in internal units.</attrdef><attrdefs Sync="TRUE">Esri</attrdefs><attrdomv><udom Sync="TRUE">Positive real numbers that are automatically generated.</udom></attrdomv></attr><attr><attrlabl Sync="TRUE">Shape_Area</attrlabl><attalias Sync="TRUE">Shape_Area</attalias><attrtype Sync="TRUE">Double</attrtype><attwidth Sync="TRUE">8</attwidth><atprecis Sync="TRUE">0</atprecis><attscale Sync="TRUE">0</attscale><attrdef Sync="TRUE">Area of feature in internal units squared.</attrdef><attrdefs Sync="TRUE">Esri</attrdefs><attrdomv><udom Sync="TRUE">Positive real numbers that are automatically generated.</udom></attrdomv></attr></detailed></eainfo><mdDateSt Sync="TRUE">20211115</mdDateSt></metadata>
