<PAMDataset>
  <Metadata>
    <MDI key="DataType">Generic</MDI>
  </Metadata>
  <Metadata domain="Esri">
    <MDI key="PyramidResamplingType">NEAREST</MDI>
  </Metadata>
  <PAMRasterBand band="1">
    <Histograms>
      <HistItem>
        <HistMin>-4.148399829864502</HistMin>
        <HistMax>4.188700199127197</HistMax>
        <BucketCount>256</BucketCount>
        <IncludeOutOfRange>1</IncludeOutOfRange>
        <Approximate>0</Approximate>
        <HistCounts>1|0|0|0|0|0|0|0|0|0|0|0|0|0|0|0|1|0|0|0|0|0|0|0|0|0|0|0|0|0|0|0|0|0|0|0|1|0|0|0|0|0|0|0|0|0|0|0|0|1|0|0|0|0|0|0|0|2|0|1|0|0|1|0|0|0|0|0|0|0|0|1|0|1|0|0|0|1|0|1|0|1|4|0|0|1|3|1|1|3|10|0|1|0|14|2|0|1|21|2|6|3|23|3|5|8|54|9|13|17|95|32|43|37|348|86|148|191|1149|421|973|1620|7663|8672|29839|168112|1307617|889221|104269|19684|9771|2432|1102|898|344|1041|180|140|75|282|39|34|25|123|17|27|5|52|7|7|4|24|2|2|3|15|2|2|1|11|1|1|0|5|0|0|3|1|0|0|0|0|0|1|0|2|0|0|0|1|0|0|0|0|0|0|0|0|1|0|0|0|0|0|1|0|0|0|0|0|0|0|0|0|1|1|0|0|0|0|0|0|0|0|0|0|0|0|0|0|0|0|0|0|0|0|0|0|0|0|0|0|0|0|0|0|0|0|0|0|0|0|0|0|0|0|0|0|0|0|0|0|0|0|0|1</HistCounts>
      </HistItem>
    </Histograms>
    <Metadata>
      <MDI key="STATISTICS_COVARIANCES">0.001091331032398641</MDI>
      <MDI key="STATISTICS_EXCLUDEDVALUES"></MDI>
      <MDI key="STATISTICS_MAXIMUM">4.1887001991272</MDI>
      <MDI key="STATISTICS_MEAN">9.8049331706861e-005</MDI>
      <MDI key="STATISTICS_MINIMUM">-4.1483998298645</MDI>
      <MDI key="STATISTICS_SKIPFACTORX">1</MDI>
      <MDI key="STATISTICS_SKIPFACTORY">1</MDI>
      <MDI key="STATISTICS_STDDEV">0.033035299792777</MDI>
    </Metadata>
  </PAMRasterBand>
</PAMDataset>
