<PAMDataset>
  <Metadata>
    <MDI key="DataType">Generic</MDI>
  </Metadata>
  <Metadata domain="Esri">
    <MDI key="PyramidResamplingType">NEAREST</MDI>
  </Metadata>
  <PAMRasterBand band="1">
    <Histograms>
      <HistItem>
        <HistMin>-0.4905000030994415</HistMin>
        <HistMax>0.6087999939918518</HistMax>
        <BucketCount>256</BucketCount>
        <IncludeOutOfRange>1</IncludeOutOfRange>
        <Approximate>0</Approximate>
        <HistCounts>1|0|0|1|0|0|0|0|0|1|0|0|0|0|0|0|0|0|0|0|0|1|0|0|0|0|0|0|0|0|0|1|0|0|0|1|1|1|0|0|0|1|0|0|0|0|0|0|0|1|0|1|0|0|0|0|0|1|0|0|0|0|0|0|0|0|0|0|2|0|0|1|0|0|0|0|1|0|0|0|0|2|0|1|0|0|3|2|1|3|0|0|2|2|4|0|3|8|9|8|20|20|43|56|144|315|604|2392|8638|21500|56839|147324|379954|922871|629724|234387|93052|36053|14913|5883|1259|564|243|110|58|23|14|10|4|4|3|1|3|2|2|0|1|1|0|1|0|0|1|0|1|0|2|0|1|0|0|0|1|1|1|0|0|1|0|0|0|0|1|0|0|0|0|1|1|0|0|0|0|1|0|0|0|0|1|0|0|0|0|0|0|0|1|0|0|0|0|0|0|0|0|0|0|0|0|0|0|0|0|1|1|0|1|0|1|2|0|0|1|0|0|0|1|0|0|0|0|0|0|0|0|0|0|0|0|1|0|0|0|0|0|1|0|0|0|0|0|0|0|0|0|0|0|0|0|0|0|0|0|0|0|1</HistCounts>
      </HistItem>
    </Histograms>
    <Metadata>
      <MDI key="STATISTICS_COVARIANCES">4.208437891177477e-005</MDI>
      <MDI key="STATISTICS_EXCLUDEDVALUES"></MDI>
      <MDI key="STATISTICS_MAXIMUM">0.60879999399185</MDI>
      <MDI key="STATISTICS_MEAN">-0.00010776473596268</MDI>
      <MDI key="STATISTICS_MINIMUM">-0.49050000309944</MDI>
      <MDI key="STATISTICS_SKIPFACTORX">1</MDI>
      <MDI key="STATISTICS_SKIPFACTORY">1</MDI>
      <MDI key="STATISTICS_STDDEV">0.0064872474063947</MDI>
    </Metadata>
  </PAMRasterBand>
</PAMDataset>
